station_id,station_name,latitude,longitude,height_m_amsl
00003,Aachen Nordrhein-Westfalen,50.7827,6.0941,202.0
00044,Großenkneten Niedersachsen,52.9336,8.237,44.0
00071,Albstadt-Badkap Baden-Württemberg,48.2156,8.9784,759.0
00073,Aldersbach-Kramersepp Bayern,48.6183,13.062,374.0
00078,Alfhausen Niedersachsen,52.4853,7.9125,64.0
00091,Alsfeld-Eifa Hessen,50.7446,9.345,304.0
00096,Neuruppin-Alt Ruppin Brandenburg,52.9437,12.8518,50.0
00102,Leuchtturm Alte Weser Niedersachsen,53.8633,8.1275,0.0
00106,Altenau,51.7976,10.4429,500.0
00131,Geringswalde-Altgeringswalde Sachsen,51.0881,12.9326,296.0
00142,Altomünster-Maisbrunn Bayern,48.406,11.3117,511.0
00150,Alzey Rheinland-Pfalz,49.7273,8.1164,215.0
00151,Amberg-Unterammersricht Bayern,49.4691,11.8546,382.0
00154,Amerang-Pfaffing Bayern,48.0197,12.2925,516.0
00161,Andernach Rheinland-Pfalz,50.4237,7.4202,75.0
00164,Angermünde Brandenburg,53.0316,13.9908,54.0
00167,Anklam Mecklenburg-Vorpommern,53.8409,13.6854,11.0
00183,Arkona Mecklenburg-Vorpommern,54.6791,13.4344,42.0
00191,Arnstein-Müdesheim Bayern,49.9694,9.9114,217.0
00198,Artern Thüringen,51.3744,11.292,164.0
00217,Attenkam Bayern,47.8774,11.3643,670.0
00222,Aue Sachsen,50.5908,12.7139,393.0
00232,Augsburg Bayern,48.4253,10.9417,462.0
00257,Baden-Baden-Geroldsau Baden-Württemberg,48.727,8.2457,240.0
00259,Müllheim Baden-Württemberg,47.8064,7.6387,275.0
00268,Baiersbronn-Obertal Baden-Württemberg,48.5293,8.2727,622.0
00282,Bamberg Bayern,49.8743,10.9206,240.0
00294,Barsinghausen-Hohenbostel Niedersachsen,52.3199,9.43,110.0
00298,Barth Mecklenburg-Vorpommern,54.3405,12.7108,3.0
00303,Baruth Brandenburg,52.0613,13.4997,55.0
00314,"Kubschütz, Kr. Bautzen Sachsen",51.1604,14.5042,234.0
00320,Heinersreuth-Vollhof Bayern,49.9666,11.5198,350.0
00326,Beckum-Unterberg Nordrhein-Westfalen,51.7204,8.0577,120.0
00330,Oberzent-Beerfelden Hessen,49.5617,8.9673,455.0
00342,Belm Niedersachsen,52.317,8.1694,103.0
00348,Bendorf Rheinland-Pfalz,50.4135,7.5886,127.0
00377,"Bergzabern, Bad Rheinland-Pfalz",49.107,7.9967,210.0
00379,"Berka, Bad (Flugplatz) Thüringen",50.9075,11.2665,304.0
00390,"Berleburg, Bad-Stünzel Nordrhein-Westfalen",50.9837,8.3683,611.0
00399,Berlin-Alexanderplatz Berlin,52.5198,13.4057,36.0
00400,Berlin-Buch Berlin,52.631,13.5021,60.0
00410,Berlin-Kaniswall Berlin,52.404,13.7309,33.0
00420,Berlin-Marzahn Berlin,52.5447,13.5598,61.0
00427,Berlin Brandenburg Brandenburg,52.3807,13.5306,46.0
00430,Berlin-Tegel Berlin,52.5644,13.3088,36.0
00433,Berlin-Tempelhof Berlin,52.4676,13.402,48.0
00445,Bernburg/Saale (Nord) Sachsen-Anhalt,51.8218,11.711,85.0
00450,Bernkastel-Kues Rheinland-Pfalz,49.9186,7.0664,120.0
00460,Berus Saarland,49.2641,6.6868,362.0
00535,Blankenrath Rheinland-Pfalz,50.0372,7.3079,417.0
00554,Bocholt-Liedern (Wasserwerk) Nordrhein-Westfalen,51.8293,6.5365,23.0
00555,Bochum Nordrhein-Westfalen,51.5026,7.2289,110.0
00591,Boizenburg Mecklenburg-Vorpommern,53.3911,10.6878,45.0
00596,Boltenhagen Mecklenburg-Vorpommern,54.0027,11.1908,15.0
00603,Königswinter-Heiderhof Nordrhein-Westfalen,50.7293,7.204,147.0
00617,Borken in Westfalen Nordrhein-Westfalen,51.873,6.8863,47.0
00656,Braunlage Niedersachsen,51.7234,10.6021,607.0
00662,Braunschweig Niedersachsen,52.2915,10.4464,81.0
00691,Bremen Bremen,53.0451,8.7981,4.0
00701,Bremerhaven Bremen,53.5332,8.5761,7.0
00704,Bremervörde Niedersachsen,53.4451,9.139,11.0
00722,Brocken Sachsen-Anhalt,51.7986,10.6183,1135.0
00755,"Buchen, Kr. Neckar-Odenwald Baden-Württemberg",49.5182,9.3213,340.0
00757,Buchenbach Baden-Württemberg,47.9625,7.9983,445.0
00760,Rosengarten-Klecken Niedersachsen,53.3629,9.9435,83.0
00817,Burgwald-Bottendorf Hessen,51.0306,8.8146,296.0
00840,Carlsfeld Sachsen,50.4313,12.6114,895.0
00850,Celle Niedersachsen,52.5959,10.0296,39.0
00853,Chemnitz Sachsen,50.7913,12.872,416.0
00856,Chieming Bayern,47.8843,12.5404,551.0
00860,Algermissen-Groß Lobke Niedersachsen,52.2731,10.0163,80.0
00863,Clausthal-Zellerfeld Niedersachsen,51.7904,10.347,585.0
00867,Lautertal-Oberlauter Bayern,50.3066,10.9679,344.0
00880,Cottbus Brandenburg,51.7759,14.3168,69.0
00891,Cuxhaven Niedersachsen,53.8712,8.7058,5.0
00896,Dachwig Thüringen,51.0778,10.8619,170.0
00917,Darmstadt Hessen,49.8809,8.6779,162.0
00953,Deuselbach Rheinland-Pfalz,49.7619,7.0542,481.0
00963,Diepholz Niedersachsen,52.5881,8.3424,38.0
00979,Dillenburg Hessen,50.7364,8.2672,314.0
00983,Dillingen/Donau-Fristingen Bayern,48.5562,10.56,419.0
00991,Dippoldiswalde-Reinberg Sachsen,50.9116,13.7087,359.0
00998,Dobel Baden-Württemberg,48.7968,8.4921,696.0
01001,Doberlug-Kirchhain Brandenburg,51.6451,13.5747,97.0
01048,Dresden-Klotzsche Sachsen,51.1278,13.7543,228.0
01050,Dresden-Hosterwitz Sachsen,51.0221,13.847,112.0
01051,Dresden-Strehlen Sachsen,51.0249,13.775,119.0
01052,Möckern-Drewitz Sachsen-Anhalt,52.2174,12.1641,80.0
01072,"Dürkheim, Bad Rheinland-Pfalz",49.4719,8.1929,107.0
01076,"Dürrheim, Bad Baden-Württemberg",48.0135,8.5343,692.0
01078,Düsseldorf Nordrhein-Westfalen,51.296,6.7686,37.0
01103,Ebersberg-Halbing Bayern,48.1003,11.9872,592.0
01107,Ebrach Bayern,49.852,10.4991,346.0
01161,Eichstätt-Landershofen Bayern,48.8778,11.2349,385.0
01197,Ellwangen-Rindelbach Baden-Württemberg,48.9895,10.1312,463.0
01200,Elpersbüttel Schleswig-Holstein,54.0691,9.0105,3.0
01207,"Elster, Bad-Sohl Sachsen",50.2705,12.2742,558.0
01214,Elzach-Fisnacht Baden-Württemberg,48.2012,8.1088,431.0
01219,Emden-Nesserland Niedersachsen,53.3449,7.1909,5.0
01224,Emmendingen-Mundingen Baden-Württemberg,48.1378,7.8351,201.0
01239,Engen/Hegau Baden-Württemberg,47.8516,8.7673,540.0
01246,Ennigerloh-Ostenfelde Nordrhein-Westfalen,51.8418,8.0607,104.0
01255,Eppingen-Elsenz Baden-Württemberg,49.1661,8.8483,226.0
01262,München-Flughafen Bayern,48.3477,11.8134,446.0
01266,Erfde Schleswig-Holstein,54.2992,9.3162,18.0
01270,Erfurt-Weimar Thüringen,50.9827,10.9613,317.0
01279,Möhrendorf-Kleinseebach Bayern,49.6497,11.0075,268.0
01297,Eschwege Hessen,51.2041,10.0138,156.0
01300,Eslohe Nordrhein-Westfalen,51.254,8.1565,351.0
01303,Essen-Bredeney Nordrhein-Westfalen,51.4041,6.9677,150.0
01327,Weilerswist-Lommersum Nordrhein-Westfalen,50.7119,6.7905,147.0
01332,"Falkenberg,Kr.Rottal-Inn Bayern",48.4832,12.7241,471.0
01346,Feldberg/Schwarzwald Baden-Württemberg,47.8748,8.0038,1486.0
01357,Fichtelberg/Oberfranken-Hüttstadl Bayern,49.9807,11.8376,655.0
01358,Fichtelberg Sachsen,50.4283,12.9536,1213.0
01411,Birx/Rhön Thüringen,50.5309,10.0479,747.0
01420,Frankfurt/Main Hessen,50.0259,8.5213,100.0
01424,Frankfurt/Main-Westend Hessen,50.1269,8.6694,121.0
01443,Freiburg Baden-Württemberg,48.0232,7.8343,237.0
01451,Freiburg/Elbe Niedersachsen,53.8277,9.2493,2.0
01467,Freudenstadt-Kurgarten Baden-Württemberg,48.4607,8.4141,736.0
01468,Freudenstadt Baden-Württemberg,48.4538,8.409,797.0
01473,Freystadt-Michelbach Bayern,49.1869,11.308,414.0
01503,Friesoythe-Altenoythe Niedersachsen,53.0643,7.902,6.0
01526,Fulda-Horas Hessen,50.5668,9.6532,245.0
01544,Gardelegen Sachsen-Anhalt,52.5129,11.3942,47.0
01550,Garmisch-Partenkirchen Bayern,47.483,11.0621,719.0
01580,Geisenheim Hessen,49.9859,7.9548,111.0
01584,Geisingen Baden-Württemberg,47.9242,8.6474,673.0
01587,Gelbelsee Bayern,48.9481,11.4289,536.0
01590,Geldern-Walbeck Nordrhein-Westfalen,51.4942,6.2463,37.0
01602,Ohlsbach Baden-Württemberg,48.433,7.993,177.0
01605,Genthin Sachsen-Anhalt,52.3875,12.1602,35.0
01612,Gera-Leumnitz Thüringen,50.8812,12.1289,311.0
01639,Gießen/Wettenberg Hessen,50.6017,8.6439,203.0
01645,Gilserberg-Moischeid Hessen,50.9656,9.05,327.0
01684,Görlitz Sachsen,51.1621,14.9506,239.0
01691,Göttingen Niedersachsen,51.5002,9.9507,167.0
01694,Goldberg Mecklenburg-Vorpommern,53.6058,12.1034,59.0
01721,Gräfenberg-Kasberg Bayern,49.664,11.2239,506.0
01735,Grainet-Rehberg Bayern,48.7894,13.629,628.0
01736,Grambek Schleswig-Holstein,53.5731,10.6797,26.0
01757,Greifswald Mecklenburg-Vorpommern,54.0967,13.4056,2.0
01759,Greifswalder Oie Mecklenburg-Vorpommern,54.2437,13.9104,11.0
01766,Münster/Osnabrück Nordrhein-Westfalen,52.1344,7.6969,48.0
01792,Groß Berßen Niedersachsen,52.7553,7.4815,27.0
01803,Sanitz-Groß Lüsewitz Mecklenburg-Vorpommern,54.0714,12.3238,35.0
01832,Großer Arber Bayern,49.1129,13.1338,1436.0
01863,Gründau-Breitenborn Hessen,50.2667,9.1854,258.0
01869,Grünow Brandenburg,53.3154,13.9339,56.0
01886,Günzburg Bayern,48.4878,10.2608,444.0
01957,Halle-Kröllwitz Sachsen-Anhalt,51.5138,11.9499,93.0
01964,Olsdorf Rheinland-Pfalz,49.9445,6.3821,328.0
01975,Hamburg-Fuhlsbüttel Hamburg,53.6332,9.9881,11.0
01981,Hamburg-Neuwiedenthal Hamburg,53.4776,9.8957,4.0
02014,Hannover Niedersachsen,52.4644,9.6779,55.0
02023,Harburg Bayern,48.7918,10.7062,501.0
02039,"Harzburg, Bad Niedersachsen",51.9002,10.5699,203.0
02044,Harzgerode Sachsen-Anhalt,51.652,11.1366,404.0
02074,Hechingen Baden-Württemberg,48.3752,8.98,518.0
02080,Heidelberg Baden-Württemberg,49.4206,8.6676,110.0
02088,Heidenheim/Brenz Baden-Württemberg,48.6849,10.142,522.0
02110,Heinsberg-Schleiden Nordrhein-Westfalen,51.0411,6.1042,57.0
02115,Helgoland Schleswig-Holstein,54.175,7.892,4.0
02158,"Herrenalb, Bad Baden-Württemberg",48.8042,8.443,350.0
02167,Niederwörresbach Rheinland-Pfalz,49.7672,7.3356,302.0
02171,"Hersfeld, Bad Hessen",50.852,9.7377,272.0
02174,Herzberg Niedersachsen,51.6255,10.3695,236.0
02201,Hiddensee-Vitte Mecklenburg-Vorpommern,54.575,13.1044,1.0
02211,Hilgenroth Rheinland-Pfalz,50.737,7.6525,295.0
02244,Höchenschwand Baden-Württemberg,47.7327,8.1627,1008.0
02252,Bertsdorf-Hörnitz Sachsen,50.8992,14.7456,271.0
02261,Hof Bayern,50.3123,11.876,565.0
02290,Hohenpeißenberg Bayern,47.8009,11.0108,977.0
02306,Hohwacht Schleswig-Holstein,54.3194,10.6732,8.0
02319,Holzkirchen Bayern,47.8823,11.6961,685.0
02323,"Bevern, Kr. Holzminden Niedersachsen",51.8529,9.4953,110.0
02362,Hümmerich Rheinland-Pfalz,50.5651,7.4843,331.0
02423,Isny Baden-Württemberg,47.6894,10.0416,712.0
02429,Itzehoe Schleswig-Holstein,53.9897,9.5697,20.0
02444,Jena (Sternwarte) Thüringen,50.9251,11.583,155.0
02480,Kahl/Main Bayern,50.0643,8.993,108.0
02483,Kahler Asten Nordrhein-Westfalen,51.1803,8.4891,839.0
02485,Kaisersbach-Cronhütte Baden-Württemberg,48.917,9.6871,489.0
02486,Kaiserslautern Rheinland-Pfalz,49.4262,7.7557,271.0
02497,Kall-Sistig Nordrhein-Westfalen,50.5014,6.5264,505.0
02503,Kaltennordheim Thüringen,50.6266,10.1455,487.0
02522,Karlsruhe Baden-Württemberg,49.0373,8.3637,112.0
02532,Kassel Hessen,51.2963,9.4424,231.0
02542,Kaufbeuren Bayern,47.8652,10.6007,716.0
02559,Kempten Bayern,47.7233,10.3348,705.0
02564,Kiel-Holtenau Schleswig-Holstein,54.3776,10.1424,28.0
02575,Kirchberg/Jagst-Herboldshausen Baden-Württemberg,49.1804,9.98,432.0
02578,Kirchdorf/Poel Mecklenburg-Vorpommern,53.9995,11.4341,14.0
02597,"Kissingen, Bad Bayern",50.224,10.0792,282.0
02600,Kitzingen Bayern,49.7363,10.1781,193.0
02601,Kleiner Feldberg/Taunus Hessen,50.2218,8.4469,822.0
02618,Kleiner Inselsberg Thüringen,50.8458,10.4803,732.0
02627,Schipkau-Klettwitz Brandenburg,51.5554,13.8845,128.0
02629,Kleve Nordrhein-Westfalen,51.7612,6.0954,46.0
02638,Klippeneck Baden-Württemberg,48.1054,8.7548,974.0
02641,Klitzschen bei Torgau Sachsen,51.5185,12.9065,90.0
02667,Köln/Bonn Nordrhein-Westfalen,50.8645,7.1575,91.0
02680,"Königshofen, Bad Bayern",50.284,10.4456,289.0
02700,Kösching Bayern,48.8302,11.4872,416.0
02704,Köthen (Anhalt) Sachsen-Anhalt,51.7511,12.0094,76.0
02708,"Kohlgrub, Bad (Rosshof) Bayern",47.6652,11.0805,742.0
02712,Konstanz Baden-Württemberg,47.6952,9.1307,428.0
02738,Kreuth Bayern,47.6448,11.7438,776.0
02750,Kronach Bayern,50.2524,11.3209,310.0
02794,Kyritz Brandenburg,52.9362,12.4093,40.0
02812,Lahr Baden-Württemberg,48.3647,7.828,156.0
02814,Merklingen Baden-Württemberg,48.5122,9.7644,687.0
02856,Langenlipsdorf Brandenburg,51.9173,13.0878,92.0
02878,"Lauchstädt, Bad Sachsen-Anhalt",51.3909,11.8786,117.0
02907,Leck Schleswig-Holstein,54.7903,8.9514,7.0
02925,Leinefelde Thüringen,51.3932,10.3123,356.0
02928,Leipzig-Holzhausen Sachsen,51.3151,12.4462,138.0
02932,Leipzig/Halle Sachsen,51.4347,12.2396,131.0
02947,Lennestadt-Theten Nordrhein-Westfalen,51.1333,8.0348,286.0
02951,Lenzen/Elbe Brandenburg,53.1007,11.4864,20.0
02953,Lenzkirch-Ruhbühl Baden-Württemberg,47.8597,8.2308,854.0
02961,Leuchtturm Kiel Schleswig-Holstein,54.4996,10.2737,0.0
02968,Köln-Stammheim Nordrhein-Westfalen,50.9894,6.9777,43.0
02985,Lichtenhain-Mittelndorf Sachsen,50.9383,14.2094,321.0
03015,Lindenberg Brandenburg,52.2085,14.118,98.0
03023,Lingen Niedersachsen,52.5181,7.3081,22.0
03028,"Lippspringe, Bad Nordrhein-Westfalen",51.7854,8.8388,157.0
03031,Lippstadt-Bökenförde Nordrhein-Westfalen,51.6336,8.3945,92.0
03032,List auf Sylt Schleswig-Holstein,55.011,8.4125,25.0
03034,"Lobenstein, Bad Thüringen",50.4505,11.635,496.0
03042,Löhnberg-Obershausen Hessen,50.5617,8.2386,230.0
03044,Löningen Niedersachsen,52.7198,7.7472,22.0
03083,Lübben-Blumenfelde Brandenburg,51.9267,13.8797,57.0
03086,Lübeck-Blankensee Schleswig-Holstein,53.8025,10.6989,15.0
03093,Lüchow Niedersachsen,52.9724,11.1374,16.0
03098,Lüdenscheid Nordrhein-Westfalen,51.2452,7.6425,387.0
03126,Magdeburg Sachsen-Anhalt,52.1029,11.5827,79.0
03137,Mainz-Lerchenberg (ZDF) Rheinland-Pfalz,49.9658,8.2049,199.0
03147,Mallersdorf-Pfaffenberg-Oberlindhart Bayern,48.7548,12.2118,390.0
03155,Manderscheid-Sonnenhof Rheinland-Pfalz,50.1015,6.8009,415.0
03158,Manschnow Brandenburg,52.5468,14.5453,12.0
03164,"Cölbe, Kr. Marburg-Biedenkopf Hessen",50.8492,8.7745,187.0
03166,Marienberg Sachsen,50.6511,13.1469,639.0
03167,"Marienberg, Bad Rheinland-Pfalz",50.6621,7.9603,547.0
03181,Markt Erlbach-Hagenhofen Bayern,49.4875,10.6277,360.0
03196,Marnitz Mecklenburg-Vorpommern,53.3221,11.9324,81.0
03204,Martinroda Thüringen,50.7335,10.8815,429.0
03226,Aschersleben-Mehringen Sachsen-Anhalt,51.7259,11.511,108.0
03231,Meiningen Thüringen,50.5611,10.3771,450.0
03234,Klipphausen-Garsebach Sachsen,51.1294,13.4328,158.0
03244,Memmingen Bayern,47.9821,10.1384,614.0
03257,"Mergentheim, Bad Baden-Württemberg",49.4797,9.7832,278.0
03268,Meßstetten-Appental Baden-Württemberg,48.1694,8.9433,900.0
03271,Metten Bayern,48.8548,12.9189,314.0
03278,Metzingen Baden-Württemberg,48.5377,9.2734,354.0
03284,Michelstadt Hessen,49.6692,9.0085,240.0
03287,Michelstadt-Vielbrunn Hessen,49.7177,9.0997,453.0
03289,Schmieritz-Weltwitz Thüringen,50.7281,11.7838,356.0
03307,Mittenwald-Buckelwiesen Bayern,47.4814,11.2649,983.0
03319,Röllbach Bayern,49.7644,9.253,239.0
03321,Mönchengladbach-Hilderath Nordrhein-Westfalen,51.1313,6.3608,76.0
03340,Montabaur Rheinland-Pfalz,50.4383,7.8061,265.0
03348,Moringen-Lutterbeck Niedersachsen,51.7209,9.8351,241.0
03362,Mühlacker Baden-Württemberg,48.9721,8.8735,243.0
03366,Mühldorf Bayern,48.279,12.5024,406.0
03376,Müncheberg Brandenburg,52.5176,14.1232,64.0
03379,München-Stadt Bayern,48.1632,11.5429,515.0
03402,Münsingen-Apfelstetten Baden-Württemberg,48.3851,9.4837,755.0
03426,"Muskau, Bad Sachsen",51.566,14.7008,127.0
03442,"Nauheim, Bad Hessen",50.3574,8.7506,149.0
03478,Neubrandenburg Mecklenburg-Vorpommern,53.5468,13.1914,81.0
03485,Neuburg/Kammel-Langenhaslach Bayern,48.3114,10.3773,487.0
03490,"Neuenahr, Bad-Ahrweiler Rheinland-Pfalz",50.5346,7.0853,111.0
03509,Stechlin-Menz Brandenburg,53.102,13.0421,78.0
03513,Neuhaus am Rennweg Thüringen,50.5003,11.1345,845.0
03527,Neukirchen-Hauptschwenda Hessen,50.8923,9.405,500.0
03540,Neunkirchen-Seelscheid-Krawinkel Nordrhein-Westfalen,50.8446,7.372,195.0
03545,Neunkirchen-Wellesweiler Saarland,49.344,7.2297,236.0
03552,Neuruppin Brandenburg,52.9037,12.8071,38.0
03571,Neustadt am Kulm-Filchendorf Bayern,49.8174,11.8638,452.0
03591,Nideggen-Schmidt Nordrhein-Westfalen,50.6743,6.424,350.0
03612,Nienburg Niedersachsen,52.6711,9.2229,25.0
03621,Reimlingen Bayern,48.8253,10.5066,436.0
03631,Norderney Niedersachsen,53.7123,7.1519,12.0
03660,Nürburg-Barweiler Rheinland-Pfalz,50.3602,6.8697,485.0
03667,Nürnberg-Netzstall Bayern,49.4258,11.2539,369.0
03668,Nürnberg Bayern,49.503,11.0549,314.0
03679,Kiefersfelden-Gach Bayern,47.6187,12.1665,518.0
03702,Münstertal-Obermünstertal,47.878,7.8288,515.0
03730,Oberstdorf Bayern,47.3984,10.2759,806.0
03734,Obersulm-Willsbach Baden-Württemberg,49.128,9.3525,232.0
03739,Oberviechtach Bayern,49.4521,12.4365,596.0
03761,Öhringen Baden-Württemberg,49.207,9.5176,276.0
03791,Oldenburg Niedersachsen,53.1763,8.1824,11.0
03811,Oschatz Sachsen,51.296,13.0928,151.0
03815,Osnabrück Niedersachsen,52.2553,8.0534,95.0
03821,Osterfeld Sachsen-Anhalt,51.0872,11.9293,244.0
03836,Ostheim v.d. Rhön Bayern,50.4538,10.2211,314.0
03857,Oy-Mittelberg-Petersthal Bayern,47.6362,10.3892,886.0
03875,Parsberg/Oberpfalz-Eglwang Bayern,49.151,11.6897,549.0
03897,Pelzerhaken Schleswig-Holstein,54.0893,10.8773,2.0
03904,Perl-Nennig Saarland,49.5354,6.3789,152.0
03925,Pforzheim-Ispringen Baden-Württemberg,48.9329,8.6973,332.0
03927,Pfullendorf Baden-Württemberg,47.9345,9.2869,630.0
03939,Pirmasens Rheinland-Pfalz,49.1912,7.5879,382.0
03946,Plauen Sachsen,50.4818,12.13,387.0
03975,Pommelsbrunn-Mittelburg Bayern,49.4777,11.5357,522.0
03987,Potsdam Brandenburg,52.3812,13.0622,81.0
04024,Putbus Mecklenburg-Vorpommern,54.3643,13.4771,40.0
04032,Quedlinburg Sachsen-Anhalt,51.7953,11.132,142.0
04036,Querfurt-Mühle Lodersleben Sachsen-Anhalt,51.3895,11.5412,206.0
04039,Quickborn Schleswig-Holstein,53.7331,9.8776,11.0
04063,Rahden-Kleinendorf Nordrhein-Westfalen,52.4461,8.5906,41.0
04094,"Weingarten, Kr. Ravensburg Baden-Württemberg",47.8062,9.6206,441.0
04104,Regensburg Bayern,49.0425,12.1019,365.0
04127,Reichshof-Eckenhagen Nordrhein-Westfalen,50.9906,7.6958,347.0
04154,Remscheid-Lennep Nordrhein-Westfalen,51.18,7.2505,345.0
04160,Renningen-Ihinger Hof Baden-Württemberg,48.7425,8.924,478.0
04169,Rheinau-Memprechtshofen Baden-Württemberg,48.6703,7.9939,131.0
04175,Rheinfelden Baden-Württemberg,47.559,7.7721,283.0
04177,Rheinstetten Baden-Württemberg,48.9726,8.3301,116.0
04189,"Altheim, Kreis Biberach Baden-Württemberg",48.1479,9.4596,534.0
04261,Rosenheim Bayern,47.8819,12.1249,444.0
04271,Rostock-Warnemünde Mecklenburg-Vorpommern,54.1803,12.0808,5.0
04275,Rotenburg (Wümme) Niedersachsen,53.1289,9.3398,32.0
04280,Roth Bayern,49.2162,11.1035,386.0
04287,Rothenburg ob der Tauber Bayern,49.3849,10.1732,415.0
04300,Rottweil Baden-Württemberg,48.1815,8.6356,589.0
04301,"Kreuznach, Bad Rheinland-Pfalz",49.8502,7.871,102.0
04323,Ruppertsecken Rheinland-Pfalz,49.6468,7.8837,461.0
04336,Saarbrücken-Ensheim Saarland,49.2128,7.1077,319.0
04347,"Sachsa, Bad Niedersachsen",51.5909,10.5691,293.0
04349,Sachsenheim Baden-Württemberg,48.9569,9.0711,251.0
04350,"Säckingen, Bad (Bergseestr.)",47.5619,7.9399,339.0
04354,Saldenburg-Entschenreuth Bayern,48.7832,13.3146,457.0
04371,"Salzuflen, Bad Nordrhein-Westfalen",52.1042,8.7521,135.0
04377,Sandberg Bayern,50.3518,10.0034,518.0
04393,Sankt Peter-Ording Schleswig-Holstein,54.3279,8.6031,5.0
04411,Schaafheim-Schlierbach Hessen,49.9195,8.9672,155.0
04445,Wernigerode-Schierke Sachsen-Anhalt,51.7659,10.6533,614.0
04464,Schleiz Thüringen,50.5679,11.8041,501.0
04466,Schleswig Schleswig-Holstein,54.5275,9.5487,43.0
04477,Schluchsee Baden-Württemberg,47.8208,8.186,993.0
04480,Schlüchtern-Herolz Hessen,50.3447,9.5533,232.0
04485,"Schmalkalden, Kurort Thüringen",50.725,10.4539,296.0
04501,Schmücke Thüringen,50.6545,10.7696,938.0
04508,Schneifelforsthaus Rheinland-Pfalz,50.2968,6.4194,653.0
04517,"Schömberg, Kr. Calw Baden-Württemberg",48.7859,8.6451,635.0
04548,Schönwald/Ofr.-Brunn Bayern,50.1847,12.0791,608.0
04559,Schorndorf-Knöbling Bayern,49.1644,12.6175,398.0
04560,Schotten Hessen,50.4925,9.1226,265.0
04592,Schwandorf Bayern,49.3278,12.0871,356.0
04605,Schwarzburg Thüringen,50.6441,11.1936,277.0
04625,Schwerin Mecklenburg-Vorpommern,53.6424,11.3871,59.0
04642,Seehausen Sachsen-Anhalt,52.8911,11.7297,22.0
04651,Seesen Niedersachsen,51.904,10.1885,189.0
04692,Siegen (Kläranlage) Nordrhein-Westfalen,50.8534,7.9966,229.0
04703,Sigmaringen-Laiz Baden-Württemberg,48.0719,9.1943,581.0
04704,Sigmarszell-Zeisertsweiler Bayern,47.5776,9.7404,508.0
04706,Simbach/Inn Bayern,48.2718,13.0273,358.0
04709,Simmern-Wahlbach Rheinland-Pfalz,49.9996,7.5981,445.0
04745,Soltau Niedersachsen,52.9604,9.793,75.0
04748,Sondershausen Thüringen,51.3691,10.88,185.0
04752,Sonneberg-Neufang Thüringen,50.3746,11.1828,626.0
04763,Sontra Hessen,51.0607,9.9266,265.0
04813,"Staffelstein, Bad-Stublang Bayern",50.0806,11.0467,318.0
04841,"Steinau, Kr. Cuxhaven Niedersachsen",53.6946,8.8735,-0.0
04857,Mittelnkirchen-Hohenfelde Niedersachsen,53.5534,9.6097,2.0
04878,Oberharz am Brocken-Stiege Sachsen-Anhalt,51.6647,10.881,505.0
04887,Stötten Baden-Württemberg,48.6656,9.8648,734.0
04896,Wagersrott Schleswig-Holstein,54.6654,9.805,40.0
04911,Straubing Bayern,48.8275,12.5597,351.0
04926,Stuttgart (Neckartal) Baden-Württemberg,48.7896,9.2167,224.0
04928,Stuttgart (Schnarrenberg) Baden-Württemberg,48.8281,9.2,314.0
04931,Stuttgart-Echterdingen Baden-Württemberg,48.6883,9.2235,371.0
04978,Tann/Rhön Hessen,50.639,10.0228,395.0
04997,Starkenberg-Tegkwitz Thüringen,50.9771,12.3419,196.0
05009,Teterow Mecklenburg-Vorpommern,53.761,12.5574,37.0
05014,Worpswede-Hüttenbusch Niedersachsen,53.2758,8.9857,7.0
05017,Teuschnitz Bayern,50.4002,11.3888,633.0
05029,Tholey Saarland,49.4737,7.0385,387.0
05046,Tirschenreuth-Lodermühl Bayern,49.8576,12.3542,501.0
05049,Titisee-Neustadt-Titisee Baden-Württemberg,47.8991,8.146,846.0
05064,Tönisvorst Nordrhein-Westfalen,51.2897,6.4437,37.0
05097,Tribsees Mecklenburg-Vorpommern,54.0654,12.7655,10.0
05099,Trier-Zewen Rheinland-Pfalz,49.7326,6.6131,132.0
05100,Trier-Petrisberg Rheinland-Pfalz,49.7479,6.6583,261.0
05109,Trollenhagen Mecklenburg-Vorpommern,53.5998,13.3039,68.0
05111,Trostberg Bayern,48.0311,12.5396,560.0
05133,Twistetal-Mühlhausen Hessen,51.3344,8.9132,287.0
05142,Ueckermünde Mecklenburg-Vorpommern,53.7445,14.0698,1.0
05146,Uelzen Niedersachsen,52.9414,10.5289,50.0
05149,Gollhofen Bayern,49.5679,10.1969,318.0
05155,Ulm Baden-Württemberg,48.3837,9.9524,567.0
05158,Ummendorf Sachsen-Anhalt,52.1601,11.1759,159.0
05229,Villingen-Schwenningen Baden-Württemberg,48.0453,8.4608,719.0
05275,Waghäusel-Kirrlach Baden-Württemberg,49.2445,8.5374,105.0
05279,Wesertal-Lippoldsberg Hessen,51.6194,9.5749,167.0
05280,Wittenborn Schleswig-Holstein,53.9224,10.2267,33.0
05300,Waldems-Reinborn Hessen,50.2596,8.3607,380.0
05335,Waltershausen Thüringen,50.8963,10.5483,352.0
05347,Warburg Nordrhein-Westfalen,51.5039,9.1118,236.0
05349,Waren (Müritz) Mecklenburg-Vorpommern,53.5196,12.6654,73.0
05371,Wasserkuppe Hessen,50.4973,9.9427,920.0
05397,Weiden Bayern,49.6662,12.1844,440.0
05404,Weihenstephan-Dürnast Bayern,48.4024,11.6946,477.0
05419,Weimar Thüringen,50.9751,11.3076,264.0
05424,Weimar-Schöndorf Thüringen,51.0177,11.3544,328.0
05426,Weinbiet Rheinland-Pfalz,49.3758,8.1212,553.0
05433,Weiskirchen/Saar Saarland,49.5534,6.812,383.0
05440,Weißenburg-Emetzheim Bayern,49.0115,10.9308,439.0
05467,Wendelstein Bayern,47.7035,12.0119,1832.0
05480,Werl Nordrhein-Westfalen,51.5763,7.8879,85.0
05490,Wernigerode Sachsen-Anhalt,51.8454,10.7686,233.0
05516,Fehmarn Schleswig-Holstein,54.5283,11.0606,3.0
05538,Wielenbach (Demollstr.) Bayern,47.8827,11.1576,551.0
05541,Wiesbaden-Auringen Hessen,50.1321,8.3169,263.0
05546,Wiesenburg Brandenburg,52.1206,12.4586,187.0
05562,Neubulach-Oberhaugstett Baden-Württemberg,48.6516,8.6801,571.0
05629,Wittenberg Sachsen-Anhalt,51.8891,12.6446,105.0
05643,Wittstock-Rote Mühle Brandenburg,53.1864,12.4949,68.0
05663,Woldegk Mecklenburg-Vorpommern,53.4618,13.6099,118.0
05664,Wolfach Baden-Württemberg,48.2953,8.2391,296.0
05665,Wolfegg Baden-Württemberg,47.818,9.797,677.0
05676,Wolfsburg (Südwest) Niedersachsen,52.3962,10.6892,82.0
05688,Dachsberg-Wolpadingen Baden-Württemberg,47.7004,8.1057,881.0
05692,Worms Rheinland-Pfalz,49.6051,8.3659,88.0
05705,Würzburg Bayern,49.7704,9.9576,268.0
05717,Wuppertal-Buchenhofen Nordrhein-Westfalen,51.2256,7.1052,134.0
05719,Remscheid Nordrhein-Westfalen,51.2051,7.2,235.0
05731,Wutöschingen-Ofteringen Baden-Württemberg,47.6783,8.3801,395.0
05745,Zehdenick Brandenburg,52.9664,13.3268,51.0
05750,Zeitz Sachsen-Anhalt,51.0314,12.1495,264.0
05779,Zinnwald-Georgenfeld Sachsen,50.7313,13.7516,877.0
05792,Zugspitze Bayern,47.421,10.9848,2956.0
05797,Lichtentanne Sachsen,50.6879,12.4329,349.0
05800,Zwiesel Bayern,49.028,13.2385,615.0
05822,Bassum Niedersachsen,52.863,8.6989,42.0
05825,Berge Brandenburg,52.6198,12.7867,41.0
05839,Emden Niedersachsen,53.3881,7.2287,-0.0
05856,Fürstenzell Bayern,48.5451,13.3532,476.0
05871,Hahn Rheinland-Pfalz,49.9463,7.2645,497.0
05906,Mannheim Baden-Württemberg,49.5063,8.5584,98.0
05930,Schönhagen (Ostseebad) Schleswig-Holstein,54.641,10.0238,1.0
05941,Reit im Winkl-Groißenbach Bayern,47.6721,12.4756,680.0
06093,Wendisch Evern Niedersachsen,53.2139,10.4704,62.0
06105,Ostenfeld (Rendsburg) Schleswig-Holstein,54.3194,9.8051,15.0
06109,Grambow-Schwennenz Mecklenburg-Vorpommern,53.3837,14.3728,51.0
06129,Sohland/Spree Sachsen,51.0594,14.4266,291.0
06157,Wangerland-Hooksiel Niedersachsen,53.6411,8.0809,4.0
06158,Weidenbach-Weiherschneidbach Bayern,49.2249,10.6085,454.0
06159,Dörpen Niedersachsen,52.9542,7.3197,8.0
06163,Dörnick Schleswig-Holstein,54.1654,10.3519,27.0
06170,Coschen Brandenburg,52.0192,14.7254,39.0
06182,Mallersdorf-Pfaffenberg Bayern,48.7757,12.1743,404.0
06186,Nastätten Rheinland-Pfalz,50.1989,7.8651,268.0
06197,Lügde-Paenbruch Nordrhein-Westfalen,51.8664,9.271,258.0
06199,Steinhagen-Negast Mecklenburg-Vorpommern,54.2484,13.0419,16.0
06217,Saarbrücken-Burbach Saarland,49.2406,6.9351,190.0
06258,Friedrichshafen-Unterraderach Baden-Württemberg,47.6845,9.4409,461.0
06259,Großerlach-Mannenweiler Baden-Württemberg,49.021,9.6033,524.0
06260,Ingelfingen-Stachenhausen Baden-Württemberg,49.3328,9.704,381.0
06262,Schwäbisch Gmünd-Weiler Baden-Württemberg,48.7695,9.8737,412.0
06263,Singen Baden-Württemberg,47.7738,8.8219,445.0
06264,Brilon-Thülen Nordrhein-Westfalen,51.414,8.65,457.0
06265,Wusterwitz Brandenburg,52.3613,12.3867,36.0
06266,Huy-Pabstorf Sachsen-Anhalt,52.0304,10.9626,112.0
06272,"Salzungen, Bad-Gräfen-Nitzendorf Thüringen",50.8426,10.2518,284.0
06273,Demker Sachsen-Anhalt,52.5075,11.8551,36.0
06275,Notzingen Baden-Württemberg,48.6705,9.4627,327.0
06305,Mühlhausen/Thüringen-Görmar Thüringen,51.2061,10.4978,194.0
06310,Karlshagen Mecklenburg-Vorpommern,54.1049,13.8239,1.0
06312,Markt Erlbach-Mosbach Bayern,49.5314,10.6418,362.0
06314,Nossen Sachsen,51.0507,13.3003,306.0
06336,Lohr/Main-Halsbach Bayern,50.0132,9.654,288.0
06337,Lüdinghausen-Brochtrup Nordrhein-Westfalen,51.7663,7.5194,58.0
06344,Runkel-Ennerich Hessen,50.394,8.1423,168.0
06346,Maisach-Galgen Bayern,48.207,11.2035,531.0
06347,Schonungen-Mainberg Bayern,50.0579,10.2972,305.0
07075,Elsendorf-Horneck Bayern,48.702,11.8493,429.0
07099,Liebenburg-Othfresen Niedersachsen,52.0111,10.3966,187.0
07105,Siegsdorf-Höll Bayern,47.835,12.6548,719.0
07106,Bielefeld-Deppendorf Nordrhein-Westfalen,52.0714,8.4565,105.0
07187,Freudenberg/Main-Boxtal Baden-Württemberg,49.7636,9.4063,194.0
07244,Neuglobsow (HM) Brandenburg,53.1425,13.0323,62.0
07298,Hattstedt Schleswig-Holstein,54.5268,9.0425,4.0
07319,Donauwörth-Osterweiler Bayern,48.7374,10.7393,435.0
07321,Olbersleben Thüringen,51.1507,11.3321,157.0
07325,Schneefernerhaus Bayern,47.4165,10.9795,2650.0
07329,Treuen Sachsen,50.5467,12.2863,465.0
07330,Arnsberg-Neheim Nordrhein-Westfalen,51.4633,7.978,159.0
07331,Hermaringen-Allewind Baden-Württemberg,48.6099,10.2674,467.0
07341,Offenbach-Wetterpark Hessen,50.09,8.7862,119.0
07343,Deutschneudorf-Brüderwiese Sachsen,50.62,13.4817,689.0
07350,Prackenbach-Neuhäusl Bayern,49.1088,12.8231,585.0
07351,Feldberg/Mecklenburg Mecklenburg-Vorpommern,53.3176,13.4175,115.0
07364,Jeßnitz Sachsen-Anhalt,51.6818,12.3053,74.0
07367,Alfeld Niedersachsen,51.9643,9.8072,144.0
07368,Eisenach Thüringen,51.0007,10.3621,312.0
07369,Feuchtwangen-Heilbronn Bayern,49.1623,10.3661,475.0
07370,Waldmünchen Bayern,49.391,12.6838,499.0
07373,Borkum-Flugplatz Niedersachsen,53.5984,6.7024,3.0
07374,Ahaus Nordrhein-Westfalen,52.0813,6.9409,46.0
07389,Heckelberg Brandenburg,52.7461,13.8427,83.0
07393,Hoyerswerda Sachsen,51.4492,14.2533,116.0
07394,Wunsiedel-Schönbrunn Bayern,50.0315,11.9745,622.0
07395,Gottfrieding Bayern,48.6595,12.5388,351.0
07396,Hoherodskopf/Vogelsberg Hessen,50.5084,9.2246,740.0
07403,Leutkirch-Herlazhofen Baden-Württemberg,47.7955,10.0325,672.0
07410,Neu-Ulrichstein Hessen,50.7513,9.0224,350.0
07412,Neuhütten/Spessart Bayern,50.0083,9.4238,340.0
07419,Langenwetzendorf-Göttendorf Thüringen,50.661,12.0756,389.0
07420,Naumburg/Saale-Kreipitzsch Sachsen-Anhalt,51.1045,11.7113,246.0
07424,Piding Bayern,47.7724,12.9073,457.0
07427,Padenstedt (Pony-Park) Schleswig-Holstein,54.0188,9.9255,17.0
07428,Veilsdorf Thüringen,50.4167,10.8156,397.0
07431,Oberhaching-Laufzorn Bayern,48.013,11.5524,604.0
07432,Wittingen-Vorhop Niedersachsen,52.6423,10.6628,71.0
13670,Duisburg-Baerl Nordrhein-Westfalen,51.5088,6.7018,24.0
13674,Waibstadt Baden-Württemberg,49.2943,8.9053,237.0
13675,Hameln-Hastenbeck Niedersachsen,52.0818,9.4077,75.0
13696,Waltrop-Abdinghof Nordrhein-Westfalen,51.5966,7.4048,60.0
13700,Gevelsberg-Oberbröking Nordrhein-Westfalen,51.3329,7.3412,203.0
13710,Landshut-Reithof Bayern,48.5734,12.2576,490.0
13711,Krölpa-Rockendorf Thüringen,50.682,11.515,289.0
13713,Meinerzhagen-Redlendorf Nordrhein-Westfalen,51.0899,7.6289,385.0
13776,Hildesheim-Drispenstedt Niedersachsen,52.1789,9.9524,85.0
13777,Helmstedt-Emmerstedt Niedersachsen,52.2467,10.9592,109.0
13965,Balingen-Bronnhaupten Baden-Württemberg,48.2639,8.8134,619.0
14138,Falkenberg (Grenzschichtmessfeld) Brandenburg,52.1655,14.1224,73.0
15000,Aachen-Orsbach Nordrhein-Westfalen,50.7983,6.0244,231.0
15207,Schauenburg-Elgershausen Hessen,51.2835,9.359,317.0
15444,Ulm-Mähringen Baden-Württemberg,48.4418,9.9216,593.0
15555,Kaufbeuren-Oberbeuren Bayern,47.8761,10.5849,815.0
15813,Lingen-Baccum Niedersachsen,52.5126,7.4131,40.0
19171,Hasenkrug-Hardebek Schleswig-Holstein,54.0039,9.8555,13.0
19172,Wacken Schleswig-Holstein,54.0246,9.388,48.0
19207,Gülzow-Prüzen Mecklenburg-Vorpommern,53.8178,12.0645,16.0
19856,Schönau am Königssee Bayern,47.6134,12.9819,625.0
20098,Seebach (Nationalpark Schwarzwald) Baden-Württemberg,48.5651,8.2284,1019.0
